Email,Username,Gender,BirthDate
janthoney0@techcrunch.com,wschirok0,Bigender,1986-05-23
bsaffell1@washingtonpost.com,nshaughnessy1,Female,1988-09-13
schisholm2@merriam-webster.com,dblazejewski2,Female,1983-11-26
gpietruschka3@umn.edu,sbointon3,Female,1993-02-25
apetteford4@php.net,hcrother4,Male,2006-03-28
tsabater5@cocolog-nifty.com,chaskayne5,Male,1985-01-11
mforryan6@cyberchimps.com,grubinovici6,Male,1983-06-24
mwoltman7@list-manage.com,tstonhard7,Female,1996-11-22
ajillett8@ow.ly,thughson8,Male,2001-04-06
ktaberer9@newsvine.com,ijosefson9,Male,1992-09-05
sschankea@cloudflare.com,wbrabyna,Female,1984-01-08
cklaggemanb@cbslocal.com,eromushkinb,Male,1981-05-08
rponsfordc@marriott.com,vlupartoc,Male,2008-05-20
ebumd@people.com.cn,rbexleyd,Male,1994-01-14
jcapeloffe@alexa.com,ghandscombe,Male,1993-10-05
ebrehenyf@flavors.me,glosebief,Female,1991-08-28
mcaccavaleg@nbcnews.com,jstarmerg,Female,1985-04-07
ehansburyh@army.mil,gcodringtonh,Male,1982-04-21
pgainforthi@wix.com,fcastellsi,Female,2000-12-06
msiddonsj@biblegateway.com,claskeyj,Genderqueer,1996-05-11
draggattk@youku.com,jofinank,Female,1980-05-03
csigsworthl@51.la,bmisselbrookl,Female,1998-01-21
kcrampm@wsj.com,ggandym,Female,2009-04-06
gramn@dot.gov,ukingdonn,Male,1980-07-10
mcresswello@hc360.com,kcarratto,Polygender,1982-01-05
wmccombp@icio.us,britzmanp,Female,1997-09-04
kheislerq@webeden.co.uk,abeinischq,Male,1982-03-31
abricknallr@google.ru,cmoultr,Female,1991-09-27
rgullys@nsw.gov.au,smacgeaneys,Male,2001-10-28
dtrehert@ehow.com,weddst,Genderfluid,2009-10-20
fpiddlesdenu@google.co.uk,ssulleru,Female,2000-08-19
adysartv@shareasale.com,shannerv,Female,1994-03-02
svenablesw@economist.com,moreganw,Male,2006-09-10
pmariellex@lycos.com,wlisx,Bigender,2004-09-09
jeschelley@elpais.com,sharowery,Male,1987-10-06
vsummertonz@reddit.com,dgatchz,Male,1988-10-11
cottey10@purevolume.com,smaneylaws10,Female,2005-11-12
eruzicka11@mozilla.com,nmasterton11,Female,2008-09-10
fhardison12@creativecommons.org,kbrislawn12,Male,1997-11-19
jteall13@ifeng.com,znormadell13,Female,1981-09-09
neberst14@purevolume.com,tplant14,Male,1996-05-14
choggan15@exblog.jp,tlawday15,Female,2000-02-09
wyate16@cnet.com,crothwell16,Genderqueer,1987-04-10
bbiner17@google.pl,rfairfoull17,Male,1988-02-10
emckissack18@tumblr.com,yjedrys18,Female,1994-05-11
gwinchurst19@intel.com,bcurrin19,Male,1982-08-26
mmills1a@comsenz.com,flantiffe1a,Male,2006-01-26
athreadkell1b@nbcnews.com,escrivinor1b,Male,1980-03-02
qbrandolini1c@scribd.com,olerway1c,Male,1983-02-15
sharcarse1d@exblog.jp,fdomone1d,Female,1992-02-04
rshepley1e@omniture.com,dsheryne1e,Female,1986-01-06
cmckitterick1f@squarespace.com,wjanik1f,Male,1988-08-22
rfearney1g@w3.org,lsedgefield1g,Male,1987-09-03
divins1h@bandcamp.com,tmartindale1h,Bigender,2007-12-02
cfleischer1i@weibo.com,reake1i,Male,1998-03-08
bsemrad1j@unicef.org,aglasard1j,Female,1997-02-20
sharrigan1k@gravatar.com,mbunyard1k,Male,1990-11-21
aarpino1l@google.com.br,kspedding1l,Male,2004-05-04
spendock1m@pinterest.com,ameadowcraft1m,Male,2005-06-04
kblonfield1n@histats.com,rdripp1n,Female,1981-06-06
rcicconetti1o@lycos.com,sioannidis1o,Genderfluid,1993-08-19
ddowbakin1p@miitbeian.gov.cn,sforseith1p,Female,2002-03-25
llongstaffe1q@rambler.ru,lskedgell1q,Female,1987-03-04
ntoplin1r@google.com.br,isturgis1r,Male,1983-05-23
jstarr1s@bravesites.com,cscoon1s,Genderfluid,1993-01-04
jbisco1t@hugedomains.com,tstormont1t,Male,1989-09-22
sheartfield1u@merriam-webster.com,cdarthe1u,Male,1985-04-09
egodbert1v@amazon.co.jp,kbuckle1v,Female,1995-01-22
gsparling1w@usda.gov,cvanderveldt1w,Male,1982-08-10
sonn1x@fc2.com,lnowick1x,Male,2000-10-14
hdurtnal1y@stumbleupon.com,ddancey1y,Female,1984-03-16
akinnach1z@etsy.com,afryett1z,Male,1990-09-26
sblaze20@aboutads.info,ocussen20,Male,2005-04-10
ahallen21@printfriendly.com,jpauling21,Female,1993-02-04
dbeek22@hexun.com,gthow22,Non-binary,1988-04-19
rbagger23@bloglovin.com,gmenzies23,Female,1995-11-30
ljolliss24@etsy.com,ksmeeth24,Female,1996-12-13
sbrandrick25@pinterest.com,rbristo25,Male,1985-10-06
pheskin26@accuweather.com,abaldacchi26,Female,1983-12-07
rsnow27@hexun.com,cwabe27,Male,1987-11-12
cbiddulph28@google.fr,aworvill28,Female,1984-06-12
wraun29@last.fm,sfontaine29,Female,1991-02-11
snewborn2a@1688.com,ocheverell2a,Female,1990-05-25
cparry2b@tmall.com,shasnip2b,Female,1997-11-28
echiverton2c@ameblo.jp,gdashwood2c,Male,1993-10-26
ccowle2d@smh.com.au,lleger2d,Male,1982-07-02
hgwinnett2e@imageshack.us,rlezemere2e,Female,1991-04-17
sadin2f@moonfruit.com,balstead2f,Female,2009-02-28
rbooty2g@mtv.com,rfitzsimmons2g,Male,1985-10-07
selsmore2h@friendfeed.com,tchivers2h,Female,1984-10-27
gdent2i@washingtonpost.com,kwoodford2i,Female,1984-02-15
fcastelli2j@fastcompany.com,phymer2j,Male,2002-03-12
hglanz2k@ucoz.com,rtoor2k,Genderfluid,1982-06-03
ashobrook2l@pinterest.com,jogles2l,Female,1982-02-27
lsynan2m@prnewswire.com,rleclercq2m,Female,1985-08-06
shackett2n@zimbio.com,gdanzelman2n,Female,1995-09-09
ncelle2o@usnews.com,asein2o,Female,1988-09-24
dmccaughran2p@fotki.com,ebartoshevich2p,Female,1999-01-20
cbrockton2q@histats.com,ggilbert2q,Female,1999-09-06
kneno2r@360.cn,hmaxwell2r,Female,1995-08-06
nclews2s@clickbank.net,kleil2s,Male,2005-01-10
tfew2t@ucla.edu,lclendening2t,Genderqueer,1996-04-07
smeredith2u@webs.com,dcocking2u,Female,2009-02-10
cbramley2v@harvard.edu,afrantsev2v,Male,1982-02-09
lbogays2w@squarespace.com,bfeake2w,Female,1998-08-26
dblanchette2x@com.com,jsavell2x,Male,1982-11-10
rgrealy2y@imdb.com,mmendus2y,Female,1996-01-27
ldive2z@simplemachines.org,mdelaspee2z,Female,1999-08-20
cgarlant30@istockphoto.com,cmemmory30,Female,1988-11-01
kblackaby31@so-net.ne.jp,ghuggan31,Male,1990-11-24
bstearn32@alexa.com,kcorsan32,Male,2005-09-30
bmechell33@ibm.com,mdumsday33,Male,1997-07-31
svooght34@unblog.fr,efee34,Male,1984-10-21
frainford35@hao123.com,afrears35,Female,1985-12-04
kateridge36@usda.gov,chindmore36,Male,1980-09-10
acrossland37@desdev.cn,pnutbean37,Female,2007-10-12
jbussens38@seattletimes.com,fpinnell38,Female,2001-09-20
mfonte39@adobe.com,aalti39,Female,1985-04-15
amorby3a@amazon.com,todby3a,Agender,1988-12-10
cmcknish3b@usgs.gov,lvergine3b,Male,2000-04-30
msayburn3c@thetimes.co.uk,nclimance3c,Male,2000-09-19
ghansel3d@trellian.com,gswait3d,Polygender,2004-12-21
gdougill3e@php.net,bgerrit3e,Female,1984-08-30
jrope3f@ycombinator.com,gizakson3f,Male,2009-11-19
ghearons3g@people.com.cn,ehurcombe3g,Female,2000-03-05
bhargreave3h@gizmodo.com,emerrilees3h,Male,2004-03-26
gmaltby3i@cbsnews.com,mlidbetter3i,Agender,2005-07-30
mtwohig3j@bloglines.com,elymbourne3j,Female,1983-11-02
gnutbeam3k@exblog.jp,ejeffcoate3k,Female,1995-08-11
vthresher3l@blogtalkradio.com,rsim3l,Female,1987-12-13
qcolman3m@sakura.ne.jp,pdickinson3m,Male,1993-02-20
troache3n@bbc.co.uk,fwhitter3n,Female,2007-05-11
ncastelluzzi3o@studiopress.com,cparkhouse3o,Male,1997-08-20
dfenn3p@wordpress.com,wsinyard3p,Female,1984-05-12
aellgood3q@tinyurl.com,celder3q,Male,1981-02-23
evaughanhughes3r@furl.net,kclingoe3r,Female,1983-12-31
cwiggans3s@godaddy.com,eranaghan3s,Male,2008-09-13
kaldritt3t@qq.com,rpenner3t,Female,1991-03-15
melan3u@bizjournals.com,ruvedale3u,Female,2003-05-16
plaity3v@opera.com,jryall3v,Male,1989-07-15
rcrathorne3w@yellowbook.com,lcruce3w,Female,1990-06-01
ssolloway3x@angelfire.com,cnanelli3x,Male,1999-02-02
atorbard3y@youtube.com,snayshe3y,Male,2002-03-08
rfilyakov3z@pen.io,rsturney3z,Female,2002-03-25
ckinneally40@java.com,cgruszka40,Genderfluid,1999-02-04
karis41@ucla.edu,asatterley41,Female,2009-10-29
pdalwood42@weebly.com,mdongate42,Agender,1993-02-24
akruschov43@fotki.com,zgrishkov43,Genderqueer,2002-12-05
eprovest44@businessweek.com,awestnage44,Female,1996-12-24
vcrump45@spotify.com,nhaggis45,Polygender,2003-08-21
ejohananoff46@blog.com,gleyre46,Female,1994-12-07
kfeirn47@sciencedirect.com,lgive47,Male,1980-01-26
elacelett48@wix.com,mbernardeschi48,Male,1997-12-03
nhovenden49@miitbeian.gov.cn,schampley49,Female,1989-06-27
mbrideoke4a@godaddy.com,ssotheby4a,Male,2009-10-03
gbenedict4b@technorati.com,aoxenford4b,Female,2009-12-10
mdrugan4c@eepurl.com,dthal4c,Female,1995-04-23
wlehrian4d@ameblo.jp,lborrow4d,Female,2004-12-03
ggasquoine4e@xing.com,jskillington4e,Female,2001-08-06
mockland4f@ucla.edu,ilearmonth4f,Male,2005-01-16
dtapin4g@deliciousdays.com,dthirst4g,Male,2006-03-18
tsuggey4h@icio.us,ghalms4h,Male,1985-09-10
mdinkin4i@multiply.com,dbittlestone4i,Non-binary,1998-11-04
canster4j@skyrock.com,jfalla4j,Female,1987-04-08
gtosh4k@cmu.edu,dsewley4k,Male,1981-05-02
charbord4l@blogtalkradio.com,dfishbie4l,Male,1995-09-24
wseligson4m@youtube.com,hheine4m,Genderfluid,2007-01-01
jsarjent4n@homestead.com,kowbridge4n,Male,2007-02-15
srowell4o@virginia.edu,mangless4o,Female,2003-06-05
mdelamere4p@goodreads.com,dklimowicz4p,Female,1987-01-06
vwarlton4q@newsvine.com,gjedrzejewski4q,Female,1994-01-23
ngoldhill4r@mail.ru,ohenlon4r,Male,1994-09-12
fhead4s@1und1.de,akivlin4s,Female,1994-02-05
abeachamp4t@ovh.net,gcaukill4t,Male,1991-08-03
ppottle4u@tmall.com,rludlom4u,Female,1983-01-31
gdufray4v@dagondesign.com,mcoumbe4v,Male,1986-11-21
emesser4w@thetimes.co.uk,ehardware4w,Male,1983-10-10
rbeechcraft4x@com.com,ldunwoody4x,Female,1986-07-22
slanmeid4y@google.pl,omarsy4y,Female,2006-11-30
rcescotti4z@gmpg.org,vsellek4z,Female,2006-12-24
mbutters50@about.me,hzorro50,Female,2001-12-13
fvoss51@yale.edu,cwinstanley51,Male,1997-07-03
bfreezor52@vinaora.com,croussel52,Male,2001-10-21
igrestye53@reference.com,kbrodhead53,Agender,1990-08-08
acheco54@ameblo.jp,bsowerby54,Male,1991-03-03
nvanderbeken55@ted.com,efeldman55,Male,1991-12-14
bkropach56@wix.com,acrasswell56,Female,1991-12-14
tvedntyev57@networkadvertising.org,kmcgeachey57,Male,1996-06-24
sskettles58@eepurl.com,bgecke58,Genderqueer,1983-07-18
mriccetti59@wp.com,egostick59,Male,1994-04-16
rkirtland5a@nyu.edu,mskyme5a,Male,2000-08-15
gmilington5b@ebay.com,cletterese5b,Female,1990-01-11
rtoping5c@home.pl,ckobiela5c,Male,1999-11-12
jwyard5d@nbcnews.com,denden5d,Male,1993-10-27
cculmer5e@cbslocal.com,hcattrall5e,Male,1992-05-21
gdufoure5f@china.com.cn,rparsonage5f,Female,1995-08-23
mtomasi5g@kickstarter.com,ablasiak5g,Female,1991-04-16
ktulleth5h@reverbnation.com,roborne5h,Female,1989-06-28
ngilchrest5i@wikipedia.org,efearnall5i,Male,2004-02-20
togrogane5j@google.com.hk,cjoslyn5j,Male,2002-03-29
fmunslow5k@nymag.com,wdeshon5k,Male,1992-09-10
ipheby5l@blogspot.com,fblanchflower5l,Female,1986-04-24
nbolesworth5m@wix.com,rduffitt5m,Female,1996-10-21
dgiamo5n@cdc.gov,snewlin5n,Male,1997-12-09
abrosh5o@aol.com,glutsch5o,Male,2004-05-14
rwilkin5p@biblegateway.com,ashattock5p,Male,1982-10-17
sayliffe5q@simplemachines.org,titzakson5q,Female,2006-11-22
alashmore5r@ucoz.com,amcjury5r,Female,1982-07-07
ohasley5s@auda.org.au,wbevan5s,Male,2005-05-22
rbattams5t@yellowbook.com,dblackmore5t,Genderqueer,2001-03-02
mrobottham5u@meetup.com,rwreath5u,Male,1999-08-13
jmarrow5v@sogou.com,ldurbyn5v,Male,1980-12-19
pcamplin5w@goo.gl,obirley5w,Male,2006-09-24
acutmere5x@google.com.hk,rlantaff5x,Female,2009-10-01
pdrakes5y@blog.com,cstroban5y,Agender,1987-05-24
mmullett5z@1und1.de,egiovannacci5z,Bigender,2002-11-26
aburlingame60@purevolume.com,eroof60,Female,1983-03-17
flefeuvre61@telegraph.co.uk,owheelband61,Female,1993-06-28
khardison62@storify.com,jcolebourn62,Female,2000-11-28
shoulaghan63@ucoz.com,mchess63,Male,2000-07-29
hknottley64@netscape.com,hacock64,Male,2004-04-22
bcicchetto65@vinaora.com,tudale65,Male,1985-04-19
kpach66@vinaora.com,slasslett66,Female,1983-07-27
awearden67@example.com,celnough67,Male,1986-03-02
qputt68@unc.edu,lstalf68,Male,2006-02-06
lcorington69@sakura.ne.jp,cdeniset69,Female,1997-12-24
parrigucci6a@myspace.com,acrutch6a,Female,1999-11-05
olorentzen6b@irs.gov,cgorelli6b,Male,1988-06-05
chembrow6c@behance.net,jhinge6c,Male,2009-05-15
kkennewell6d@flickr.com,klehrahan6d,Female,1987-03-06
bgreensitt6e@kickstarter.com,osamuel6e,Female,1999-07-12
njiles6f@joomla.org,kbloodworthe6f,Male,1995-04-15
tromeo6g@cisco.com,bantonomoli6g,Female,1995-01-11
mrockcliffe6h@gmpg.org,cmethven6h,Female,1996-06-18
cbudgett6i@mapquest.com,blemerie6i,Female,2009-09-24
gburnsell6j@xinhuanet.com,evanleeuwen6j,Male,1987-07-25
nizchaki6k@oaic.gov.au,amancell6k,Male,1993-03-28
jidney6l@virginia.edu,dballs6l,Female,1997-12-10
lberkowitz6m@ucoz.com,jgibbeson6m,Male,1984-01-31
djannasch6n@nature.com,bpowton6n,Male,1988-04-03
rgeorg6o@dmoz.org,rwiper6o,Male,2000-06-24
jsiegertsz6p@nature.com,jriall6p,Female,1998-12-06
selwell6q@drupal.org,uasipenko6q,Genderfluid,1980-02-03
rlefeuvre6r@free.fr,wtheuss6r,Male,2008-08-29
cpretty6s@apache.org,lheffernan6s,Male,2002-10-17
lkestell6t@slashdot.org,bkersey6t,Male,2005-04-21
dgiacomucci6u@vinaora.com,gmatches6u,Male,2007-10-24
dwhitcher6v@pcworld.com,owardlaw6v,Genderfluid,2006-12-01
eizakson6w@bravesites.com,mpeterffy6w,Female,1993-08-16
glude6x@bbc.co.uk,lrubenchik6x,Male,1990-07-04
smowday6y@dedecms.com,bcranshaw6y,Female,2003-08-18
gwinkle6z@mac.com,lblincowe6z,Male,1981-03-27
bbrabbs70@google.co.uk,hpfeifer70,Female,1982-06-03
ncohen71@blogtalkradio.com,mmeindl71,Male,2007-01-25
ctwell72@wix.com,lpuffett72,Female,2002-03-24
wtwelvetree73@jiathis.com,ldenziloe73,Male,2002-01-19
ahusband74@google.co.jp,kcozzi74,Female,1989-11-19
abenedit75@soundcloud.com,aelfes75,Genderqueer,2001-08-08
utomeo76@globo.com,kknowller76,Male,1999-09-08
hmulrooney77@printfriendly.com,cstabler77,Male,2000-04-23
cslesser78@oakley.com,kcarnegie78,Male,2008-05-13
hkairns79@wikispaces.com,hfelix79,Male,1994-07-10
jgater7a@dot.gov,kcudby7a,Female,1986-06-16
cserot7b@surveymonkey.com,amckim7b,Male,2008-07-11
gwileman7c@ucsd.edu,bwelds7c,Genderfluid,1992-03-23
mtremayne7d@guardian.co.uk,jnassey7d,Male,2005-03-10
tseneschal7e@constantcontact.com,kmcritchie7e,Male,2001-08-18
wzanini7f@joomla.org,taimable7f,Genderqueer,2007-12-13
blocke7g@hc360.com,rrobus7g,Male,1986-12-11
zmussard7h@cisco.com,tflinders7h,Female,1995-12-04
gjuorio7i@zdnet.com,walcock7i,Female,2009-01-09
sjager7j@washington.edu,rmungham7j,Male,2002-03-09
aalpes7k@godaddy.com,bwathell7k,Male,2009-05-13
ckryszka7l@un.org,esindle7l,Male,1982-11-12
fmargetts7m@digg.com,lwykey7m,Male,1996-09-23
aclausewitz7n@amazon.de,jdoddrell7n,Male,1994-05-16
alamzed7o@pbs.org,rmurphy7o,Female,1996-04-30
hwithnall7p@washingtonpost.com,svergine7p,Female,1990-04-17
lscholtz7q@drupal.org,fmingame7q,Female,2009-06-23
bchetham7r@mail.ru,rsevier7r,Female,2002-09-08
rdehn7s@mayoclinic.com,ccranney7s,Female,1982-05-15
jtooby7t@sina.com.cn,gkydd7t,Non-binary,1999-12-17
dpetyankin7u@mozilla.com,tprall7u,Bigender,2004-04-05
msibery7v@php.net,nkornel7v,Female,1993-12-09
tbloxland7w@yellowbook.com,rtilio7w,Female,1983-08-28
mbaddiley7x@scribd.com,dlightbourne7x,Female,1990-12-03
rgiacovetti7y@epa.gov,tewins7y,Female,2006-12-27
kskermer7z@cbsnews.com,jfruen7z,Male,2007-09-13
dmcmackin80@wunderground.com,dupston80,Male,1983-06-24
afrier81@independent.co.uk,goconnel81,Female,2000-09-29
iwhisby82@scientificamerican.com,tcremins82,Female,2002-02-04
gpedrozzi83@nationalgeographic.com,hziebart83,Female,1996-06-20
igalloway84@netvibes.com,nbarks84,Female,1992-12-30
bhuskinson85@cbsnews.com,nandric85,Male,1999-06-28
hscholte86@acquirethisname.com,ryakuntzov86,Male,1999-07-11
hbeach87@yahoo.com,ddantesia87,Male,1988-02-06
gmcgiffin88@japanpost.jp,ahumbles88,Male,2000-07-18
hlangan89@tumblr.com,kborer89,Male,2002-01-15
fgrigsby8a@chicagotribune.com,arantoul8a,Female,1986-10-07
iwitherop8b@about.com,agisbourn8b,Female,1985-08-16
